Actual,Linear Regression,Ridge Regression,Lasso Regression
65,64.48707993236688,64.62362206802291,64.63077730895792
65,65.28789977217548,65.28648400091262,65.28195485821952
71,71.48759115123448,71.49011288194126,71.41738179318595
64,64.32099265229252,64.30716098704488,64.34437239786554
66,66.33232760806561,66.40176147787653,66.37652135427466
66,66.56997411146696,66.5709872517954,66.59266475291629
72,72.43338834634807,72.47845442828864,72.43510629998883
66,66.3699364504031,66.3682278263735,66.36881474663866
70,70.03693381832254,69.98590435840558,69.96250085439
70,70.03661423470801,70.0164142193795,70.00851747245521
66,66.40740869494948,66.39346416075081,66.36636059671108
72,72.37570116794973,72.35202866871214,72.32827925607594
66,66.4925266214216,66.48005291128115,66.47277180751779
64,64.12603795603565,64.07958874616457,64.08096739630732
65,64.62996314523423,64.69566120840689,64.66994071030493
63,63.52935339390213,63.515818903477246,63.50794950205647
63,63.22713373906638,63.20537975826042,63.232139402447544
74,74.17592966790704,74.17096740262235,74.14053148111418
66,66.08823671893508,66.10352989455103,66.11402546973638
69,68.92897168931425,68.89326514841238,68.87663732946856
67,67.25857881860625,67.33587131724389,67.32062608497917
70,70.20540758064232,70.16036616814432,70.17470765740991
62,61.85179654139512,61.79032445711542,61.819347672508485
63,63.65869027811089,63.62789531226872,63.63450969174296
66,65.65454099175453,65.87480031805616,65.87649902126827
74,74.11941929404088,74.12320139119427,74.07872072622823
70,70.75586622416634,70.65066884231376,70.63916140240326
71,71.2659984965024,71.28849477024117,71.22459827979395
89,60.99963497302829,61.17260468198911,61.234876594429764
71,70.63948468458265,70.61606742606773,70.63440499940185
70,70.38051936229559,70.29276101975395,70.29662987613727
65,65.39656082485239,65.31874270042593,65.31684970919957
67,67.74934181322965,67.66181029416714,67.67351053654738
55,55.40987923654594,55.45068611844832,55.48898154799642
64,64.56039285815204,64.579855553435,64.63037550310219
67,67.0013963120011,66.97746916177287,66.93029265903823
71,70.82562711168404,70.84368834590063,70.80259565796524
71,71.68029823497513,71.6058824966799,71.549113234537
66,65.78706987750247,65.99155743505881,66.01012276597086
69,69.55494876155517,69.53941820718367,69.5695351522523
63,63.388596533151905,63.54124458635952,63.579315554849686
65,65.61608872019627,65.78288206795654,65.80256835966343
66,66.22797974825234,66.2363489451175,66.2423229927149
64,64.38412058552034,64.44842125882073,64.50576850642034
65,65.05368197470446,64.99837442271951,64.97287853574524
67,67.37160758946834,67.27899932762094,67.26157893936357
64,64.07150744046149,64.01467720417293,64.04393521702737
70,69.72959574298166,69.67403728182813,69.6858637851003
67,67.506961015088,67.64487744187178,67.64698436466361
73,73.44642368708196,73.51851351133072,73.49665203696318
62,62.40899222173846,62.400836722123074,62.344254056644374
67,66.88719817771273,66.85091819827689,66.85543575548235
61,61.598999752625296,61.63078422907013,61.65057819573666
69,68.62930317433305,68.72478530774774,68.73916587829152
69,69.34658583075561,69.38397582660944,69.36359883871636
60,60.69110814658079,60.725799015290235,60.72391942931679
63,63.38973197418286,63.45915210592912,63.450143099255705
68,68.29479560308972,68.26393920089895,68.2828741190126
66,65.842827103544,66.01214507472966,66.00694116606545
70,70.59771830634169,70.47512552304207,70.47716601549705
72,72.31396132352234,72.3129180983561,72.3067598315593
72,72.33433337097463,72.35341847850677,72.35592955542585
67,67.35310535550843,67.33779022685198,67.33599211755609
67,66.9876377020902,66.93035490213585,66.91247172476264
61,61.31870044419479,61.33543158226547,61.36823198956736
65,65.00993009354994,65.01846997680397,64.98731897586134
75,74.87523002550455,74.88742673789397,74.83130228873222
65,65.25677069471686,65.22573083409453,65.24234718213603
67,67.32601645653752,67.301401017603,67.27932992789572
70,70.43349543019538,70.43338335638546,70.42982440957088
62,61.956669205912945,62.004129306353306,62.00981132222344
67,66.71011352732518,66.83291972950532,66.89390101662777
65,64.86342974032061,64.82872481913584,64.87320776044419
70,69.46690769901214,69.50570854747983,69.53350545625779
73,72.73220378291188,72.67232373234053,72.65915377707816
64,64.83144552932714,64.68761415537207,64.73335762312365
64,63.44377895778641,63.67002790345814,63.66984775812118
67,67.48152242637643,67.51261730529563,67.49787481870437
64,64.38813539869204,64.42740380093295,64.4163708928049
69,68.76564251804787,68.97874386004486,69.00150938195287
62,62.11038880609847,62.07019504802943,62.1556492662756
66,66.47751646127617,66.41810727845457,66.40796178657254
73,73.28243351420738,73.32257754082629,73.28128604646753
71,71.03435805415315,70.94050758946204,70.9295675191508
70,69.78333469216474,69.67173895002209,69.68344723083311
60,60.048828566654365,60.053157222281655,60.05072328927026
62,62.86467876956803,62.87681484309152,62.85932426882429
70,69.85068076810792,69.88638807700522,69.84692037432241
73,73.13135011791232,73.07720532028854,73.04647403982688
66,66.03450053602157,66.01040870895598,65.99871376143531
68,67.94750341576038,67.80868670302426,67.83560361482205
63,62.74165871796268,62.79037699908362,62.77509076608419
71,71.70856526602309,71.64245865068435,71.65705296151364
72,72.32023244306681,72.40978209566545,72.38893921264065
64,64.24217608237545,64.27155993517594,64.29053022225037
67,67.1128740678765,67.05118609002938,67.10903953384565
70,70.60177430464148,70.54995075126627,70.6008542643445
69,68.8456595186461,68.67713660870174,68.7456514345783
67,67.36154424658537,67.36913185215292,67.3199866111617
67,67.40110434525641,67.265770885489,67.3324721611205
75,75.23981694546006,75.25402048090129,75.222978966294
71,70.74543278113305,70.65266608396571,70.58231141243994
69,69.06579333573316,69.09202716132805,69.06020421810791
69,69.41967638663961,69.38142262580925,69.38623310347123
69,69.25841999471346,69.20346338606817,69.20126843867325
67,67.47856179161103,67.40806429454794,67.42208180712106
68,68.01170330609386,68.0030894629146,68.01550508696695
75,74.66050535416,74.62903650146133,74.5959516609849
72,72.3778787597159,72.50958469685129,72.53399598231799
69,68.88120661897108,68.93656195237878,68.95895986306108
62,62.88463671868592,62.820531936961586,62.81403577437189
64,64.18338405148546,64.17186452880165,64.15481097142595
68,67.62261176685655,67.65030403569848,67.65819031024154
63,63.19455968088516,63.3518606692312,63.36033900889708
72,72.06169294505023,72.04804670128343,72.01075278042154
69,68.58911884483223,68.68253157813481,68.62181119092952
66,65.60235281050238,65.57629828769423,65.5590197291103
65,65.33509158622726,65.33192069933129,65.37135797289697
71,70.75590550683575,70.72338243258531,70.6849536612938
62,62.38201230975598,62.359736906766756,62.377408974355035
71,71.18063491933373,71.24220333423477,71.24099707932533
67,66.4486560449054,66.50895476406508,66.49550865318474
66,66.03978894471446,66.08920024486424,66.08122409391426
62,62.540713568748615,62.48175527220339,62.515452909747076
75,74.57726080154063,74.60369865506492,74.56469809245746
71,71.29416298100841,71.26604135311477,71.25254085534266
62,62.43569323363148,62.40371815843595,62.43106630481168
67,67.67617176475208,67.59201989676708,67.60231585250875
71,71.00499304668064,70.98879625593415,70.95536166498651
71,71.26090049284747,71.28690024951985,71.27655861063646
74,74.26440706110475,74.33285444033433,74.30623475081072
66,66.05424506812417,66.27641839313848,66.30313230258629
70,69.86205728262051,70.01662761587548,70.05493844685878
67,67.16558900827914,67.1357159406554,67.08577595971097
64,63.72619151877272,63.81893969251039,63.788053828864165
69,69.60670570938136,69.66680001284439,69.65849993535082
71,70.33289615114366,70.38917888069393,70.36696838658904
62,62.62169022109656,62.7207932319543,62.75371853744762
65,64.64396501299794,64.7370778697571,64.75225729442526
72,71.79877214366805,71.79714427161842,71.77468706346107
68,68.00098367525055,68.06797311776317,68.03348428266771
65,65.11001748080525,65.06796132933147,65.09138660737904
65,65.31015774877307,65.24932477222613,65.23984263423016
67,67.20417426879605,67.24285427874642,67.26358835200338
69,69.28414415667488,69.24979272643472,69.214407512343
63,63.2220970222658,63.22811147157621,63.239421431909435
66,66.13801948581704,66.03782946567054,66.0441569633272
68,67.9863462025076,67.99319533705969,67.96207020294678
65,65.01458308033466,65.05909493136126,65.03563088869771
59,59.33498714667898,59.31318274199819,59.356193036645415
66,65.70449005967794,65.75267186072756,65.75528872720872
65,65.05580816169554,65.04830321027023,65.0536725500643
67,67.48595014174633,67.67859034072215,67.71137166764925
62,62.8365294417482,62.85788990407032,62.86157827361778
71,70.66631549942625,70.62890355153434,70.63535422863796
65,65.07134591551889,65.01828425556631,65.04233929011326
68,67.9960364432703,68.056842812482,68.04230661454467
62,61.926557460114196,62.05871131386536,62.09777553513521
72,71.53909417240234,71.48318336186225,71.51737818298204
65,65.08834474062678,65.02467221524647,65.04148944762602
69,68.68483580835482,68.7261528756996,68.71533471299023
64,64.27373893677739,64.37981789756357,64.40850462438854
63,63.34971009548065,63.41429382940976,63.42675753331808
63,63.62977148927048,63.49903187284828,63.50697504674051
63,62.98902917319632,63.03693924028897,63.06957375845231
69,69.6148054132688,69.58644796211615,69.53498100048427
66,65.75163440692879,65.75548428197202,65.77756652230153
70,70.16455049417313,70.20036583479362,70.22269827754305
70,69.83890153419625,69.89857397733687,69.87772761494774
71,71.04263167106616,70.92388786950252,70.94623557417115
59,59.09127304632379,58.962190046505036,58.96503526461059
67,67.07380461281356,67.03879851804867,67.02818273740638
68,68.6691907076225,68.59043840496705,68.5941794657912
67,67.29323784339505,67.35579794968399,67.35463492490813
66,65.98653547708588,65.94100994050807,65.9058021374094
65,64.84023607472959,64.82359020003102,64.78462778968496
65,65.63301657167807,65.56794789652393,65.52462589160187
62,62.60431296297509,62.6112398218522,62.67232433981073
69,69.30768530577588,69.31515459014389,69.28858675523925
67,66.890040305471,66.92364137673628,66.92714920988533
68,67.92412021298098,67.98095001484887,67.95113357709802
65,64.88832838305521,64.90659134341976,64.90461432862762
67,67.07669349353532,67.09243927255262,67.08704535698658
65,65.45301587757179,65.45507682595547,65.42247265654488
69,69.21126552774228,69.25580367508341,69.23411712481831
68,68.22480998498278,68.19654889454736,68.18755735718788
61,61.188558291935365,61.14798438061209,61.18614037251727
68,68.08784793768974,68.07847017709757,68.1120200431751
73,73.38721337860031,73.45440820688925,73.45756365429253
68,68.39740414598515,68.35893654160455,68.35615476780464
59,59.714272838381376,59.671349182512216,59.70394775510109
69,68.78245053842222,68.8547626440244,68.82296947190565
67,66.64662516244263,66.6772992302711,66.67813234551471
63,63.63413996774456,63.567306195786244,63.5432239155338
61,61.618284060483504,61.75450021870077,61.797860778063644
69,68.82550547328003,68.84720769335217,68.80366879949634
66,65.9707280979165,65.93451626297437,65.93286152996029
63,62.4759426349884,62.49093055113076,62.49495017288793
71,70.74899685694186,70.70418244132021,70.69213798180074
70,69.76348047525956,69.82522012906186,69.80960351554221
65,65.92148225207339,65.77438782930943,65.80008338595721
67,66.52826871009258,66.47159806989814,66.45053235080492
65,64.61161993371505,64.62096047658358,64.62254425364226
67,67.39720058786084,67.4066736529081,67.39298342161833
68,68.06995346234774,67.96777749507487,68.00368045399557
68,68.04746991464438,68.05630775530095,68.0927077359771
62,62.326971315476015,62.34000992250553,62.3599529994881
71,71.65723218869744,71.56301870854247,71.55854447090724
69,69.19980179565073,69.1671116348729,69.19556276596573
70,70.35621862129786,70.35199605955165,70.31021109597263
72,71.92967573720928,71.91994834832751,71.90657032559895
58,58.518496355117904,58.46466466010144,58.48132460546368
65,65.20640116056455,65.23013286124807,65.23199738640845
75,74.91721817799129,74.88906032135488,74.8699905557403
68,68.0047572840046,68.07107361005362,68.03571848430313
62,61.71989709384923,61.75658521386475,61.78130820543449
74,74.09256611287523,74.11010671441795,74.06768078394421
67,66.09874721374479,66.19451568412009,66.1991099398108
68,68.42873676330166,68.41197949728205,68.4041688023054
68,68.47935467624883,68.45433538432229,68.44635968485147
65,64.90334813137743,64.9316382216199,64.95013461319417
72,72.11722567937579,72.20597541296769,72.15235342662459
66,65.89971722474249,65.93505883264757,65.95740122112159
68,67.95229815704305,67.89693838348163,67.94508141108764
70,69.83764779243896,69.89176630391597,69.86239687842712
68,68.45787952747008,68.46024379321581,68.40745759869525
60,60.484399675170735,60.69583744934474,60.73393749542869
72,71.93972591833244,71.96664193655789,71.94427499075861
61,61.03254849057937,61.056849040343536,61.067555048202095
67,66.80031446998883,66.83209724297058,66.8338427724039
62,61.831416501815255,61.782803317552364,61.834423267347574
69,68.89210964641669,68.84339309827557,68.782372981279
64,63.83601951140122,64.01577907047759,64.04878142606148
67,66.95109286372822,66.85019821095511,66.84431532431131
75,74.54834151335126,74.52689427323236,74.47686027657909
71,71.65931445137036,71.72498678260831,71.72509082667503
67,67.05496200434442,67.02605470602927,67.00563146046127
70,70.06485162357663,70.04818073686992,70.05650415516921
75,75.58382355974229,75.52346259053243,75.53339708587812
66,66.37091713519993,66.41260194191864,66.46061860145076
64,64.58049570848777,64.56614503448812,64.55486376202106
64,64.1582204956901,64.1548378482043,64.15074671118035
68,68.0955180819509,68.11686950027925,68.11758356810942
65,65.43729719995747,65.48668016138907,65.4161118221987
63,63.08617955282206,62.954813148799985,62.9818884056737
63,62.731444606753556,62.767218581939105,62.75454019427608
67,67.24025674494038,67.31126853433797,67.28272173973347
66,66.23003073122698,66.20788154222612,66.22830589711758
68,68.46666363451419,68.38573994243151,68.36012435181965
68,68.00551377242797,67.89796422902609,67.97218349662305
70,70.04503283197279,69.98982343645966,69.9583396737638
70,70.03115952617755,70.05698804065472,70.01592221721867
64,64.23678314308916,64.27394614251129,64.2481188166002
68,68.04076822123413,67.93162793567606,67.91614495580342
67,66.97546468684864,67.09922654146798,67.12687312661005
66,66.54536160546841,66.55764246899328,66.58351620034995
70,69.56987233410045,69.6622187735543,69.65528303817456
66,66.54698688345682,66.55709324504613,66.60178466957613
73,72.85031409462214,72.88997059097758,72.85058508826069
64,64.4331757259697,64.4164081750589,64.46047678648027
73,73.45509039795252,73.4428429493526,73.40060574729512
68,68.89611042611662,68.89007577018205,68.88287548930576
61,60.725061160681925,60.635495059379515,60.659063987791896
66,66.46378151786091,66.41432364523078,66.46036347721773
65,65.46794184713653,65.41930657792008,65.42018392315757
65,65.1738350030789,65.15379902709088,65.16465431572223
66,66.34245310863429,66.41426946631499,66.40130536884942
69,69.37474308402852,69.35056680219151,69.33882868828078
66,66.19896567853878,66.28528851387517,66.30803531301365
65,65.12915478638473,64.98691509266516,65.0291741722667
67,67.37684611815601,67.33836582184728,67.36641470558331
71,70.47079908127171,70.4832812700678,70.47475164743781
70,69.57273755360448,69.50411118563021,69.53728712011805
68,67.91435021143324,67.86731557970847,67.87162788991441
61,60.79577917900787,60.74019136968419,60.804757113892435
68,68.67191390987654,68.62501527575151,68.61945563503771
64,64.80341455596624,64.72835567342716,64.71060406575914
68,68.70912081729539,68.7028706165033,68.70018236579635
71,71.44977380693226,71.49569974025822,71.4648228101639
68,67.63369510459354,67.59931325224059,67.57401244194078
63,62.95604860674648,62.901201498595526,62.92988471210745
68,68.44487403281771,68.44815612767354,68.46916708903638
70,70.15870234516132,70.07856245735377,70.09341213945538
72,72.56204932426228,72.7265281172363,72.74143171248666
63,63.24591140407678,63.24513291348438,63.27052486252474
62,62.84101388685468,62.749378455141496,62.75197355686949
64,63.90231378162434,63.79551885886215,63.84722217545561
62,62.76640405715227,62.72950065607166,62.72610155111628
66,66.03341067758,66.00623635297532,66.00641400969864
66,65.72642438266257,65.8130398363421,65.79315712565605
67,66.87920479093026,67.06497149656971,67.116251520089
65,65.39358000443978,65.44199641988257,65.4136523192949
66,66.17774024730173,66.12496206307391,66.15785303408028
67,67.09328153461222,67.13120854297391,67.14171265223047
65,65.1627400532056,65.08923178290888,65.06798664722916
68,67.83916636750426,67.88447778054183,67.91169344699091
74,74.36890616075311,74.34917656695686,74.30068734087564
65,65.01841355151198,65.04235121566623,65.0480055211933
66,66.38728913125519,66.36628188324835,66.39805292150272
65,64.60917735197508,64.60582131195933,64.65880108113521
73,72.88786687564073,72.95264894253219,72.90757292265062
65,65.53306094758149,65.55358393640138,65.53927187669811
70,69.93605803749321,69.94882916015197,69.95980223910205
67,67.3813862340098,67.51020761795002,67.52176392388796
68,67.96490663578074,67.88767065082135,67.89750633890378
68,67.96773248296684,68.03497445774343,68.05569880555203
69,69.55228806394881,69.49700289401612,69.52139478838302
71,71.01518665915548,70.98850177261869,70.93022784011059
70,70.15234323798919,70.0567266764035,70.02172715292811
70,70.43788242312593,70.41761477980803,70.41735801786558
64,64.57112971468139,64.566428808725,64.56620504463027
68,68.26515870332838,68.12594937897643,68.14689588930871
66,65.5772008387836,65.5106058531869,65.51763738146093
65,65.24886563579508,65.29990502485958,65.28046192752115
68,68.26692394991503,68.31318184915328,68.29369827860776
65,65.35026179298725,65.3866441056664,65.44581066540307
65,64.9791667930434,64.9911235059026,64.98044963133717
71,70.84257585369588,70.77001767752111,70.71751662002418
69,68.70174025199866,68.72574939561095,68.72583064317082
67,67.77482883231337,67.84177102764617,67.8227270088016
72,71.88712870876836,71.79153853571883,71.77926736564359
66,65.37893910606057,65.56979318048715,65.6373271436002
67,67.30908353893791,67.2877177727358,67.24701083218189
66,66.28897308284006,66.2781885814181,66.27061471052647
71,71.44771095558194,71.49547747888016,71.42907608383071
68,68.3409822923868,68.40963108422699,68.39844779195799
67,67.59051936031335,67.56966914758533,67.58363714800214
68,68.04050775730906,68.02181702105861,68.03630977060085
66,66.10097526866069,66.08428994828587,66.06476623423634
66,66.17359348872222,66.12675470064451,66.12871456813173
65,65.4463231166837,65.54680738145959,65.5656152835509
68,67.92964285857036,67.92530523252191,67.883712674311
67,67.11162066174961,67.1176584752321,67.11305673001092
70,69.63694650181819,69.61334806405856,69.63655887738997
73,72.75169982021025,72.77151559538322,72.74555230819811
64,63.9486179427314,63.90279721503251,63.92356479825773
65,65.4238465363722,65.53044521870083,65.51230540090295
69,68.73028759233902,68.88987125011224,68.94702529572126
67,67.07140306643842,66.96453967230767,66.9986851861786
65,65.20616754109406,65.1443776852094,65.11811173278481
67,67.81350683148392,67.97420222858173,67.99353806016074
67,66.52680015482692,66.58620663752845,66.58962173072558
63,63.075860276080036,62.9987645320915,62.968234131672176
66,65.92559256386087,65.89095045914529,65.85326019320925
72,72.02671168450371,71.94484962594862,71.93503898380263
63,63.76333625486539,63.819473588670974,63.78914784768523
71,71.37506071475184,71.52637610528014,71.50633111582498
68,68.03312946346519,68.06236788664401,68.06120009632865
63,63.22244861269229,63.17868795380004,63.22098103763046
70,70.24207387652224,70.26895343585659,70.26723882170344
65,64.66321030432572,64.6767305010686,64.63516971154462
63,63.600119264630095,63.36869491658224,63.43001284932095
65,65.52954600599035,65.55300510968019,65.53190253029771
62,61.70557877316253,61.71052294370238,61.720469550070156
69,68.79948769362595,68.82394815619057,68.8372417145695
72,72.168192073511,72.23390987685511,72.17038446417996
64,64.38590910529008,64.31134541296558,64.32581797410057
69,68.59692463702353,68.59319713851897,68.61813875272054
63,63.495170663482014,63.52246673668809,63.53485376511699
65,65.09216122099143,65.0177675176463,64.96835839207756
69,68.8020400951206,68.75308900608196,68.71694854031463
68,68.52132345137771,68.52081148361944,68.51465141314438
64,64.59811111745434,64.60394286865828,64.59828978725366
65,64.79474119060175,64.82222934617415,64.84057240331789
72,72.26124010866684,72.29512661263044,72.27790607017312
65,65.46572657222121,65.3911003904698,65.39696046448287
66,66.3586822089489,66.49754996040582,66.52109520112782
70,69.6705077608976,69.72736851982697,69.71300815424324
73,72.93771377539154,72.90328570881442,72.88936351589376
73,72.85252537638061,72.90002000578275,72.84940387519725
70,69.8422818511292,70.02228779151764,70.06328428566046
67,66.9999253485546,67.12861017418291,67.18867909902444
64,64.3491901848228,64.28625077551965,64.3110470270124
70,70.00412031270432,70.05410247020083,70.03514436371316
73,73.37647097951913,73.41336175099195,73.38286689844045
64,64.7179387955778,64.80832381015773,64.76381292601765
70,70.84090844510769,70.92726832513961,70.95288918515277
70,70.05316569661822,70.11981001635824,70.04837764067534
64,64.2008142735069,64.2112536269545,64.22135477732573
72,72.28136104793029,72.2332522731416,72.22142807539672
68,68.30379179659371,68.39696666131016,68.3585439161889
64,64.20942922849362,64.15960406338115,64.17995268784614
67,66.59460947794273,66.51499438867774,66.49636029614499
66,65.74265801938571,65.77720407096623,65.73203972794457
66,66.35848834953649,66.39303119658997,66.38211779353013
69,68.53166283825003,68.53893933350692,68.51901315737527
66,65.73569586920418,65.75681495255985,65.7598304272227
64,64.35359579070621,64.34938024876112,64.31573015414625
64,64.36161205840352,64.2981771243602,64.32347653620229
64,64.40479105584376,64.44944538865872,64.39823241290594
64,64.06665706239268,64.09826355277323,64.07233691052375
67,67.20676314193884,67.18472118073669,67.18788946177305
68,68.64735794715213,68.53102113749162,68.57738935791582
72,71.76716451404623,71.83665167878925,71.7902198833506
65,64.53434410210684,64.63218373643178,64.6668424471316
66,66.76138550365275,66.64231464404239,66.65651406865285
67,67.25901060063387,67.26488237047495,67.24908318968163
66,66.39998900769271,66.61605170208475,66.5864521030027
71,71.2138788832986,71.16135842065816,71.18796993738586
70,70.6936284300781,70.75010377437442,70.70558586693915
71,71.65094904520015,71.6364748634265,71.63311071339288
61,61.32789683810071,61.28215839828469,61.314803456670006
65,65.12296070850313,65.07764742055957,65.08612270987868
66,66.5251361836042,66.51108776707993,66.46296092505284
72,72.1797620743132,72.17224566969023,72.13240429638797
74,73.71708699872553,73.7507040183945,73.71367164028386
69,68.53185690651596,68.48460118219514,68.52849076096247
67,67.74858497201718,67.8838697966577,67.89820721267196
68,67.78428218876059,67.7765216376087,67.78262910627697
72,72.1837942255825,72.15637597246734,72.14591695322045
69,69.23638187057314,69.2923651368105,69.23701410487419
68,68.27161925881151,68.31033482825269,68.27717545980266
65,65.25655636440223,65.25438417629093,65.27107882662901
65,65.47747635921293,65.48353186134779,65.46153066684114
74,74.60845855942362,74.70591446749071,74.74339964604326
75,75.02779692893563,75.04339748380374,74.99619305842813
70,70.92534541431822,70.91606176225899,70.88037728369257
69,69.1115432975104,69.11570873498644,69.13716882548798
74,74.46221930373385,74.51110048414716,74.49927607532928
66,66.11187896550017,66.07324863675527,66.10214568168468
62,62.33831332167236,62.28556166144249,62.34250356793824
64,64.21011057782756,64.2487184079552,64.27529217746546
67,67.61470882133345,67.69847572861778,67.64240565286333
64,64.11207949003537,64.09764611014305,64.12969465221367
66,66.55771605336172,66.52128675152036,66.50653063041436
65,64.96540588954184,64.96172557487502,64.96413294459188
65,64.72401449970326,64.67577269541616,64.68147654285887
68,68.03190451678472,68.11880730075586,68.07008786549194
66,66.40638642638643,66.33524297222883,66.31944331598291
65,65.5819155838735,65.49142228424867,65.51225300242844
69,69.77289518225541,69.68724100987433,69.69205489857912
68,67.68967204660146,67.62855538005161,67.67158205864632
66,66.43617097016696,66.41856300841816,66.3906305763337
75,74.8445266136915,74.81264808579888,74.81186912623227
67,68.20396492023242,68.1524968324627,68.16472116867227
68,67.81993788382383,67.72935515081834,67.74672926031133
70,70.14182000634933,70.09516130136225,70.06635268282663
66,66.33064789198029,66.30099165637816,66.28310487139537
68,67.89614933371412,67.96015159942442,67.91631967229202
70,70.61935342181174,70.58132838371137,70.53710659596446
69,68.859906544052,68.79619633177299,68.80235535779069
65,65.53681775925244,65.45110254385432,65.51178408026536
67,67.25836025268934,67.25342389249664,67.27472816453871
68,68.3968018723522,68.5816648357661,68.62935137635166
69,69.29671259699072,69.28965877192687,69.28303854226313
66,66.54260460674509,66.52584638611984,66.50390427062402
65,64.77810563237858,64.88587275680112,64.87733626366703
66,65.92301631725307,65.85662228487078,65.83782236619344
65,66.285390733854,66.25365915007148,66.20935938158075
67,66.58233636512509,66.56514372545516,66.51589934530634
65,64.97474265370485,64.88340731680302,64.8563591715387
63,63.32663144233152,63.22779879392761,63.310698318273296
60,60.22382172929069,60.08800357539511,60.190822995050986
66,66.03722426761219,65.97207486329405,65.94339527218634
70,70.27499303631373,70.3446630058622,70.35747182431015
72,71.663161830673,71.75863222081918,71.77276175750447
70,69.92508661547723,70.11424420057827,70.1744820938427
60,60.076204521556974,60.09448755758167,60.064262224727415
69,69.00839809014528,69.02397410108057,68.99207319272844
69,69.43886918085764,69.4040174029766,69.38566788791681
67,67.1367517938243,66.98640776450048,66.96996775075552
60,60.244468391575126,60.264881655511154,60.24050167814593
71,71.18998365041155,71.14648380753938,71.17746099354429
66,66.02958378681711,66.0235334442815,66.03678485052457
66,65.93846112771942,65.86230331316632,65.8235321491554
64,63.99610210320245,63.97325422210472,64.00161095039829
64,63.785702429630675,63.63284421030674,63.603774685055754
72,72.35636630638477,72.39555040384774,72.42050863808565
63,63.38591871528397,63.449726016715374,63.46557714528936
72,72.50893382668289,72.37971496917825,72.34715508508673
66,65.7053692875194,65.71988392380955,65.68277903072422
69,69.44553856945888,69.47167341034424,69.47286637947578
72,72.41996533360542,72.37739828724692,72.34319258094632
66,66.5090578400566,66.56324486604542,66.53253622506509
67,66.74460471592226,66.64902544800391,66.64037326732023
65,65.47972748909802,65.38214026791341,65.424571469297
67,67.45786986020812,67.49776498904149,67.46290735516668
67,67.3601327498877,67.44798225606576,67.50680550723953
70,70.4020680616901,70.34785612500448,70.35577651647299
68,67.85153990326168,67.80771598280123,67.81307143610292
88,67.97921832287204,67.91976752027378,67.93953824775535
69,69.24495506637294,69.3045513978767,69.31488584681036
75,74.93769478481724,74.93540291608511,74.92352134835491
72,72.50816942153799,72.6289945314751,72.64907590794496
67,66.89977707007736,66.91836340984347,66.9137150009363
74,73.45601371778082,73.55217054554275,73.54780236440978
63,63.57626284140056,63.602306564933464,63.61756715126568
70,70.09206888971096,70.05600359227442,70.04177412979587
62,62.122686058956134,62.176694371386226,62.16988218897849
64,64.10126401002961,64.0486649386583,64.06300272937231
65,64.88743722924812,64.84723494499522,64.88227453157762
72,72.10689839323697,72.12379715791867,72.105558406963
73,73.04494423102867,73.02657864446127,73.06879337402016
57,57.968775468727316,57.95637085368096,57.97880840143871
69,68.86907295067411,68.84358104528337,68.82398684119916
72,72.4034566584264,72.3312498265437,72.35542676250135
64,64.12460138243306,64.09110555059502,64.13480797423627
70,69.87362142048248,69.96833568476146,69.95118213495084
64,64.00905562897876,63.93611662593409,63.914597178161934
69,69.55481589925338,69.61128216539927,69.60626618961166
70,70.01286499461928,70.05763862491187,70.05266759706483
65,64.9584715239282,64.99174356902435,65.00883632202462
65,65.39250580061912,65.45296456502946,65.42523070121781
70,70.04337120402475,70.02032427672906,70.0175610374846
75,74.51934162681121,74.52481765899444,74.52223639351824
72,72.06914801036098,72.02212860171727,72.02225952446037
73,73.32955446931132,73.45988910745893,73.42987429675964
70,70.36035348831273,70.40406442939778,70.37991386078492
65,65.16139743467362,65.16017166683432,65.18619978745339
68,68.19345726149444,68.1268971603359,68.092070690972
65,65.4092871665169,65.41649941072386,65.40125027731929
73,72.89593637299976,72.85394137005964,72.80970799133335
58,58.77480602906228,58.81241804709231,58.867303459448024
70,69.96173737508356,69.86121915134817,69.84958626371575
72,72.17765941591105,72.16151123980397,72.14917902368654
65,65.86823059727494,65.7549971670912,65.76065784745435
62,61.85994115746676,61.823625916373096,61.867648277170915
65,65.38123147572409,65.19362273148586,65.2401682834707
71,71.17486647938912,71.16246806293665,71.17165928528931
64,64.21038559302723,64.21688427586015,64.23805069575928
69,69.54118308255654,69.53638349938683,69.51239517592632
65,65.40480501965752,65.54258770053261,65.54572418078456
66,67.10189392447795,67.05114244880488,67.05713929711811
67,67.66044982268019,67.68671973015134,67.67388467201648
71,71.654480600845,71.64760133627047,71.65482838824514
61,60.71872101573086,60.75790079018381,60.77529326241347
68,67.9930047929256,67.96828193723525,67.98052929436096
62,62.22494307336709,62.260034803721354,62.27185664067216
66,66.19651655794931,66.15762328266315,66.13009317990995
63,62.69997024895268,62.735371955481654,62.72886837095597
61,60.76665658741702,60.7538794398532,60.760507548259525
63,63.81257963628509,63.74412117295481,63.76429351233565
73,72.87974274030074,72.95610049351556,72.90936765523999
70,70.18139000281236,70.26121494254402,70.25383462231336
63,63.50301220510965,63.69491489608012,63.753553501124166
68,68.56716556147404,68.513663556517,68.52544820540926
68,68.30515504397202,68.35775235432455,68.29076192254684
71,71.0921389252882,71.08953624000789,71.11164000391207
60,59.8702320474157,59.91362210598682,59.93844695581174
69,68.76672923174021,68.78066468760649,68.75777452560308
63,63.602508386162555,63.6467857963097,63.629910961277346
66,65.59065574005068,65.65539557007342,65.67242624684874
70,70.3787730592779,70.30242524589809,70.2789860248202
63,63.33047350864515,63.340675428757464,63.35380144574407
65,64.50673761298196,64.48253505672011,64.47043397453847
67,66.46841833354284,66.49734749805097,66.45916992995228
68,68.13237191560825,68.15075177612584,68.14026871849049
66,65.7689121882285,65.85347611950212,65.79555947595263
62,62.45857220970272,62.462937522553545,62.486004479171584
63,63.33607711829922,63.332005273821565,63.39596927679167
67,67.28975691547896,67.42433667713703,67.38584607808458
66,66.34268217464246,66.27786995454123,66.27407191277544
67,67.45884097413901,67.51644879236311,67.52635312081244
65,65.6311256388276,65.68392715637793,65.64932399295151
66,66.39842089149005,66.38985316119499,66.39219230323506
66,66.06160043796889,66.11560315163362,66.07176660154059
66,66.73359187373075,66.78094959777175,66.7636800959829
63,63.12080677424332,63.1058063088521,63.10454267034184
61,61.75452273788355,61.78350544631523,61.75466085151471
66,66.72084897557902,66.71324378015129,66.747008643175
69,69.29229987849033,69.20863836662026,69.22202054627732
63,62.35452212806702,62.354267702652464,62.35030342790675
63,63.115263073674484,63.17503148315021,63.17374361421972
65,65.38788455268491,65.30960453846185,65.30143541109979
62,62.52423429640582,62.53081998774441,62.52699291173106
68,68.32990463846346,68.39048559914912,68.34290238211705
65,65.43515447015552,65.3531406095499,65.34671798717247
69,69.3022264474102,69.26700728617041,69.29417207527842
70,70.33493508721303,70.33526887146148,70.34335345273809
69,69.02074312909444,69.07326073642835,69.06058949909993
64,63.75760176590044,63.64155965784079,63.65853176041291
67,66.8785696140784,66.95665941581451,66.96376018237119
71,71.72268004022284,71.7497828361521,71.76684268452034
74,74.73584657500112,74.65028620124346,74.63508591792117
71,70.9536834438845,70.92046719035746,70.90453347979746
68,67.68748349585528,67.66755435002878,67.70250172476128
75,74.53572250294378,74.4476614015626,74.44315203491892
68,68.71636366688324,68.72939226292755,68.7059308584019
70,69.7469122985041,69.8435319548456,69.80445834677911
67,67.50415063439387,67.52563354262897,67.51299883101045
61,60.26727551162591,60.47131529430608,60.54858314053214
69,69.61416295317846,69.53096544535667,69.53941455138029
65,64.88301988283324,64.8080186145254,64.76976001515072
65,65.55788115398866,65.5666262170616,65.5853761468271
65,65.48359564730426,65.54861878532266,65.55716712889034
71,70.9227246528531,70.95257832381081,70.93374643046687
70,69.86573671393124,69.89288976716938,69.88370895672348
68,68.25894877631563,68.33604155009716,68.38772543528171
70,69.58845213190622,69.60847224282406,69.59412202257084
69,69.94217286027386,69.93711544382145,69.91958989129495
62,61.9224802018761,61.96173815764955,62.07527582629098
62,62.47662963032191,62.43158620699968,62.41496641984429
69,69.41044587788275,69.41111975616536,69.40820355973314
66,66.03864083200179,66.01053444088292,65.96154676645719
64,64.56237286215998,64.50808643253079,64.52150385431929
69,69.22259858842581,69.20082024453708,69.17168962455229
62,62.759096024830164,62.85067578926836,62.7926765162392
66,65.94645584719343,65.9976876802704,66.01779825539768
62,61.957224636794145,61.92814586719223,61.91269134790518
65,65.5539248604026,65.53980220057386,65.49718287405246
75,74.76588542693366,74.9107178229182,74.9329009460481
66,66.05536529877968,66.07749336827742,66.04371510936102
66,66.46797188370182,66.37329416001577,66.40869466854328
74,73.72467961234408,73.78881648857981,73.78714321022844
63,62.928695439772554,62.845710256825164,62.880297732701706
61,61.60433055457477,61.52627430366316,61.501888259671695
68,68.22192272798817,68.46444326213303,68.46956530623335
70,70.1237260035096,70.11418499756056,70.14824962848212
67,67.08230580421875,67.0301066165056,67.02368984342887
70,69.63372843207455,69.58481669180347,69.59209756185976
66,66.29152913278345,66.20021444128541,66.20948302049416
65,65.3506425302246,65.33584228129041,65.41624783825702
68,68.23529348952195,68.20629820824597,68.21746283252352
71,70.68752804340595,70.68226803770395,70.70778082541851
68,68.50595878991908,68.673408205252,68.71697603134425
74,73.89671244519022,73.8467371207777,73.82511627366614
67,66.49233556588132,66.45918272853682,66.48220911117535
66,66.1450149823228,66.16369257358649,66.14535429076254
63,63.61435813347046,63.5593697143983,63.536459590047954
66,65.76831091565344,65.76450355192742,65.74956310786388
69,68.5826119667022,68.58596042024445,68.5355073441829
65,65.12956437120363,65.08194047319357,65.06343645416624
70,69.72529549578276,69.64937221285155,69.63718892498316
68,67.84674250690716,67.85497046845296,67.86625470801886
66,66.46993602021178,66.50738404008013,66.52927721386439
62,62.25389182304426,62.30468212773978,62.332407049473886
69,69.47598819410224,69.50859717652712,69.52388105476713
64,63.76441211032116,63.79069965910718,63.7534707483926
68,67.97484971309595,67.94726213654747,67.98801263476935
71,71.17881601290001,71.2379664360545,71.23656719245724
71,71.39389398553234,71.55198506819559,71.56762383269154
63,63.50449857991193,63.48732109841108,63.51776522633154
68,68.28464196986911,68.34748186070811,68.36065315860415
64,64.60653967860974,64.5341015110759,64.48867955435989
66,65.64918752278558,65.76551485818077,65.74402975054869
70,70.47422619593186,70.42002419417467,70.40415064171845
68,68.1462714098028,68.09869689540844,68.16860123436216
71,71.24876464888467,71.23696308004222,71.21470688330014
64,64.05986949938844,64.03054801376591,64.0277830704183
69,69.61380546044656,69.5936016536415,69.56134101093718
64,64.41763177996013,64.32553056471245,64.31321038325815
69,68.97761038404633,68.88954460365287,68.89391598455859
69,68.74945845096988,68.7382045168323,68.74040514747355
69,69.47846144546452,69.42809341375407,69.40087415351523
65,65.12026822771061,65.05364637946221,65.09177128402727
62,62.41971725233274,62.350370886903015,62.37050886509197
65,64.77861127526835,64.75488812652213,64.73879640875143
72,72.80517813453062,72.80542699797006,72.7969067857291
73,72.37822216485807,72.38278002165711,72.40050324759977
71,70.82062562291003,70.82154749822827,70.80866382105474
65,65.33078477017384,65.21764492718597,65.23184813867343
69,69.0815219530399,69.09214238222113,69.06096055213652
73,73.54276072717828,73.5208807696138,73.48076819990911
68,68.29478651563178,68.25926447457373,68.26586572525717
63,63.5931661014223,63.59905208686051,63.603242792759005
63,63.43400654100954,63.34352362075963,63.359081000710646
73,72.94803479463866,72.97508442066233,72.95515139138826
65,65.10351315397641,65.10277329596649,65.14792649628738
63,63.46244075395993,63.52982408674479,63.55008827903855
68,67.83348958526183,67.86602120703431,67.84336897640063
75,74.80824359773482,74.98125207975178,74.92305908692533
67,66.5901593120533,66.58792930131526,66.64558011949316
67,67.5091285586447,67.4557662075769,67.49174017650284
67,67.11561139200705,67.21720335447304,67.17728681761386
69,69.21428559773813,69.1895773555168,69.15366696056839
71,71.3639094737597,71.45949344210422,71.43246528756683
67,67.18983209411397,67.14788580487487,67.16395421958079
70,70.4376557006783,70.42493658091352,70.45312668470633
69,69.07635540991447,68.98681370384038,69.02759905835924
68,68.01956839320661,68.02380123207811,68.02299100650731
60,60.2944835548104,60.39877304939087,60.44795469796408
62,62.3419175039172,62.56536258977229,62.61152292756334
69,69.48433355804282,69.4641278678558,69.42597949105587
74,74.4920706351395,74.41854764974094,74.45934783523936
67,67.22188018810576,67.15926525642759,67.18363559140214
68,68.6017070268651,68.66897583122335,68.64448277587886
64,63.39971565865841,63.33897656829552,63.36830789241371
62,62.44866724504991,62.32093747088391,62.31284803577111
73,72.8394004426076,72.7978112154976,72.77033203902707
63,63.83383492955856,63.76607521870623,63.77468298417625
67,66.86687152339717,66.85748531831634,66.86108481158641
61,60.83186431291571,60.77698411049535,60.84465449369405
69,69.31836851275501,69.29489798752107,69.30343472248511
63,62.65928258085607,62.730285545621804,62.740800438141704
65,65.68356222685877,65.68295124212963,65.74559615724739
66,66.53870524536201,66.6629871766181,66.68113058996013
63,63.433435811335826,63.3909371522042,63.41079823944571
67,67.20697614770367,67.27707708101525,67.26430702962952
64,64.5326721639668,64.54853769201483,64.53345413357823
70,70.03610603612947,70.03643901021913,69.97812091589581
66,66.55921239647482,66.57265654371348,66.54039485708375
70,69.97168733213616,69.94691012903004,69.95420804764606
72,72.65713158746061,72.6754386383315,72.67341630923
68,68.23744800078302,68.25472743668675,68.2657654205323
65,65.3535157739348,65.4028298184015,65.41582557261424
65,65.054290570075,65.2072375142182,65.24550930694525
70,70.49418585766102,70.52992249751958,70.5365887396756
62,62.019394951268495,62.04107531189616,62.042992631417434
61,61.74222271934387,61.66499866842684,61.66105505344233
70,70.47285692562387,70.43690617298758,70.442798621344
70,69.932326134924,69.79500454638459,69.84174331028048
64,64.4196899701982,64.38998972008667,64.45730006098452
68,67.9250327648261,67.96204596607814,67.93434547047138
66,65.85389346199847,65.80542147434001,65.78874481951323
98,71.04872998213419,71.01210260201232,70.99596202855216
74,74.15101188889771,74.18020725688245,74.17154128734867
65,65.78086891878124,65.75988338589968,65.72591114743796
64,64.86415830607926,64.76556259537102,64.77354018557544
69,69.24612663818203,69.20469579407673,69.2051796223129
69,69.14687830205936,69.12904940442179,69.15822373248271
67,67.34160604882214,67.24824549954954,67.25279871278802
69,69.78238754887168,69.74548579758145,69.7352728913312
70,69.8319183069887,69.85941763749601,69.84624055628059
75,75.31050691547652,75.2293311030535,75.21961452585822
71,70.68384822725157,70.63706786985281,70.64479784308162
72,71.83579849505375,71.7758309703583,71.79091145572089
62,62.82706220567678,62.86470476788759,62.87896776470594
71,71.0617139001132,71.06722445315594,71.08997731027671
68,69.00984827237502,68.96425979669102,68.92332841174931
70,70.27266307019185,70.32188069094096,70.30596900085428
72,72.10452512809623,72.02937442420355,72.0108507135989
97,72.86168838058289,72.94595590721268,72.92245410320544
65,65.14377356480064,65.20410480968908,65.17111234163553
67,67.87314737952136,67.9239512474489,67.90404346806092
65,64.94820123187657,64.84217875491342,64.83994573559134
70,70.50811627826249,70.54604078528584,70.52976800191549
68,68.2938462601962,68.32877900013935,68.33512449633567
69,69.46861054496256,69.38763723018684,69.3464083203923
67,67.44522161133209,67.39021218527762,67.37039203532808
67,67.32068390942963,67.33130096736582,67.32929476365624
72,71.94105178411016,72.07149388994003,72.08587584034169
67,67.46310109771592,67.35940726056074,67.34262968371554
65,65.99195518268927,66.04616519190347,66.01563655018693
66,66.57476497179515,66.58941080906565,66.51942860794921
62,61.97736601315161,61.96695629859702,61.9891651809985
73,72.84684207699972,72.79489936685532,72.75002923593705
68,68.4121920366341,68.33120207770133,68.31844666196552
72,71.9977632913469,72.21969427801551,72.22815019105765
62,62.44357126263131,62.469389283146015,62.49889763372971
62,62.56694052085696,62.56557252767763,62.583155025731344
73,72.76809005207298,72.78002346670598,72.74478403990113
69,69.2849731816445,69.33112497780179,69.29714570288336
68,68.05364427784747,68.03434297648704,68.01999274539769
67,67.26992237886125,67.24255448137268,67.27428519573901
67,66.79918184913737,66.7765921244759,66.8049723914738
65,65.39171632647012,65.42155147302574,65.4108270848441
69,69.56488785117185,69.47322677330352,69.47885995352135
62,62.99945008419458,62.869848586597044,62.92985635457363
69,69.68661572241581,69.76456655861247,69.74145122268713
64,64.01245747627044,64.07189923948253,64.04617937625778
75,74.77817134173836,74.85734321047732,74.81592881248793
70,70.43989654601106,70.36184090886977,70.35507904629127
72,71.9921186136817,72.10955552432284,72.07285399430282
70,70.37401780973278,70.3100350877972,70.27498205143017
65,65.25000660265786,65.43301491760998,65.49283019321582
66,65.78430372139499,65.77887096306576,65.7854539692813
68,67.56844142738747,67.60240939220924,67.63213351697577
70,70.38972329823925,70.387326914167,70.3985845493394
67,67.9261441227522,67.89661373095679,67.89115455171485
69,69.11805203466346,69.11100817243046,69.11309742228119
62,61.682430115390616,61.70682831518958,61.73196934925774
60,60.97565871909688,60.92891382278992,60.90551272254581
65,64.80581319606493,64.82566235197012,64.81557556067736
66,66.37009982910641,66.33896514759147,66.34747813812588
65,65.49470561804023,65.52624753398354,65.49883335996564
64,64.10037275825222,64.12113150691263,64.13719855978579
71,70.7108377190173,70.73267400654126,70.72728462494437
71,70.92733422270642,70.98413985216445,70.97263032233167
68,67.83460629551749,67.86134906516966,67.88187805770313
65,65.54304145102063,65.51478754287211,65.52960835034352
71,70.76002682046257,70.78344871301343,70.76370230833056
61,61.76047342773006,61.684296789558694,61.69750757053813
66,66.40332665616245,66.4154575358792,66.38503099627849
68,67.56974087613506,67.58845115056816,67.5909481557737
66,66.29139234645682,66.2843353729551,66.29650723063651
67,66.78730954348731,66.72893671536463,66.72146859524631
70,69.77654308628996,69.77944056859269,69.750603891133
65,64.86569417492899,65.02433409798634,65.08449228184662
69,68.6842048852511,68.68121836094379,68.7169200807112
65,65.55307901798474,65.57358052720268,65.57286988934014
69,68.86279251776645,68.89026603234815,68.85157577401587
69,69.52976805869451,69.57296322738648,69.56454647189292
67,67.54657203835147,67.48630554840639,67.47016974960714
72,71.92783511185752,72.02814175341001,72.0618305390698
72,71.9419313539079,71.91355841146066,71.8855076503474
69,69.26882118447172,69.2424160538274,69.2378840325203
66,67.06566806889703,67.09953956836489,67.0595397340736
67,66.95573145670332,66.9756874297123,66.96990026756251
66,65.86833019838281,65.94635527060049,65.98744799243343
65,65.08110786239894,65.10609705245102,65.11293507912855
71,71.2004391359697,71.24825509197888,71.25379292725285
68,67.9557012975654,67.92191653341493,67.9848774957887
66,66.49761962025232,66.45064158968225,66.40138415705316
73,73.6073384062945,73.57460632708828,73.55135215959285
64,64.15278275123,64.0913668085504,64.1189564172254
69,69.45080881520431,69.44569182476634,69.46916892700911
67,67.34344703059087,67.28800560296996,67.29777520575716
69,68.83678605750491,68.78207049248392,68.75211577211346
63,63.25016479848429,63.297973691708165,63.288035599148536
64,63.986769967415185,64.02713764197367,64.04813230155207
66,65.89666135796998,65.97301354139272,65.96074235517865
65,65.05736814262838,65.0582404848107,65.05255931084116
65,64.93300631901616,64.8874421618121,64.85707659042387
68,68.53302194589716,68.67053059305145,68.66672355145764
69,69.40892716899923,69.41594129408948,69.40682057244743
65,65.49793336962838,65.58506050541374,65.60704736713117
64,63.94001929142871,63.91948406447916,63.91974309116742
65,65.14146671146815,65.2153085123843,65.21475118699206
75,75.53113193032736,75.55854749228769,75.4784517234221
66,66.00324604963095,66.09692517638682,66.04117353622225
67,67.22542995449487,67.22327046981601,67.23458043219738
68,67.88003193718077,67.87345373715831,67.86576503174778
63,63.865339407553435,63.868744457980746,63.85801228378698
68,67.91206173902825,67.9187684574327,67.95719501857187
57,57.6267931579949,57.67391514031806,57.72161834332909
68,68.05953747145696,68.06691271510172,68.01561481268389
66,66.14527364668632,66.11367541213573,66.0894715992342
68,68.45336615638989,68.3823806723557,68.33021595420256
72,71.56163008145657,71.57675435193207,71.56895905291316
65,65.24551201607102,65.32586339585417,65.33043571675718
64,64.73967322177472,64.73992501165847,64.72722207184808
63,63.20120730379135,63.167024259129875,63.156629730471835
73,72.98221174139115,72.96865658494376,72.95832099840283
68,67.90624528599463,67.87422484348589,67.84707807458037
67,66.74966666459105,66.83624248198137,66.79528520844265
71,70.94885754319695,70.9459111619786,70.94050402414695
69,68.70183594725817,68.71366053025909,68.71627681692189
67,67.6383208409813,67.5897722223988,67.58585430479472
64,64.33580520112565,64.33663216926318,64.33976298215525
68,68.39420230269056,68.42984033585407,68.4183420167193
67,67.28874762268678,67.27999494177129,67.26604275352301
72,72.13204606053131,72.07298766496416,72.07914968597926
66,66.12399951016104,66.0344072476979,66.06792111044555
65,64.87281082144622,64.74211020757407,64.73774939600915
71,71.23437036914345,71.11688699115871,71.14312724340155
67,67.2486908220364,67.27616229893381,67.30445002079621
65,64.59054405380832,64.71555123772623,64.68760467890912
68,68.48054478481288,68.46417063080432,68.42823774644978
67,67.26778326476804,67.2922149877505,67.25894594028007
69,69.27991327891857,69.20966745160037,69.24184169810236
65,64.58983872013073,64.61679679417985,64.62161790662516
72,72.54379091660377,72.55285923832386,72.47391913790932
69,69.23500321178159,69.21560646796948,69.21182642554696
62,62.459910542237,62.47841928109767,62.500569649981145
67,66.55710179169238,66.55528083819075,66.55148436770867
70,69.62217514115864,69.59473390261586,69.59352080506916
70,69.74307988189412,69.73699054118586,69.7579708731802
64,64.80110157805078,64.7165977740332,64.71874710219384
65,65.1221147031109,65.10382667317128,65.10113368963502
71,70.83541899187453,70.94511108103042,70.94533166366837
71,70.63188272989662,70.62159792729224,70.62849025021816
70,70.18978048456233,70.09486429782395,70.10885122785798
70,70.452855377339,70.5092397646453,70.48518288693492
66,66.56175850469229,66.5275938061984,66.50135618695228
65,65.39295949330558,65.41096756350306,65.38272699934069
68,68.04221715825656,68.02981711523755,67.99916798021329
64,64.4348961278484,64.36698581938549,64.33873964697514
63,63.36814354102697,63.32641965630749,63.36326306349383
69,69.55889685833633,69.51436518533302,69.57304687224044
69,69.42954407148805,69.51844126176603,69.56576935302634
66,66.60226422655556,66.6462472173608,66.65040596783827
70,70.53901033045219,70.71213395424944,70.73653235285305
72,72.3969977688156,72.36550052324523,72.34488907442292
64,64.70809968085288,64.65147250712619,64.65134448881327
68,67.7934284136669,67.82091976029662,67.83110231104241
62,62.50595532588197,62.52736326050595,62.50890354836048
65,64.97562488724739,64.94642756490062,65.0298628989241
71,71.65603621923654,71.68853932296543,71.6900886815647
68,67.8717459164337,68.01639311398449,68.07820598837645
69,69.20298977568186,69.20250411474828,69.17250018429272
68,68.45783791585527,68.36301641670735,68.40694288775164
67,67.41743950077384,67.35804468482421,67.39865640144617
66,66.05449839904344,66.10796737458581,66.05166277405536
67,66.62798826122362,66.65132814300195,66.65074957291671
66,65.29802422434696,65.28195380379798,65.2736784903956
61,61.855605584160365,61.75743865786932,61.73274711636785
67,67.08748045742676,67.08255049090874,67.03318544022764
59,59.630096077247615,59.79712740370969,59.86765093661708
64,64.1597303794648,64.2518825674988,64.27428666261696
68,68.49189850781578,68.56446741758995,68.54771685063399
68,67.51666043082832,67.47430336600699,67.43336590669966
70,69.82939476680393,69.74644212594512,69.7597838962307
67,67.56921456040274,67.58446807947777,67.59780870821618
70,70.70866228583591,70.641121568716,70.62687813790089
64,64.60751369099316,64.64406239182209,64.65837915442978
60,60.36656586224928,60.280885594868614,60.328744561050826
65,65.98180782250313,65.87177754731445,65.90592639064774
71,70.93626428692568,70.90590201509201,70.84781961787402
68,68.54988736588068,68.53952731048805,68.54730835075142
71,70.95079338399651,70.96860070210705,70.97638580284807
66,65.98563426644475,66.01758050997518,66.01924718046249
63,63.369123079949844,63.28075827409539,63.29679807080442
65,65.28010130449475,65.26989999527544,65.21670343312083
71,70.8978976784935,70.85323800595421,70.86792522643027
65,65.52480056048049,65.51262695405832,65.45846094885049
68,67.86471430072544,67.86750437797534,67.8704636345155
65,64.60441552366754,64.53909487651404,64.52743309637218
65,64.84577480931581,64.81227782261708,64.80114797173954
63,63.06303443987519,63.161972980193944,63.163823679043944
68,68.31486773316195,68.26910103313563,68.25834662960646
69,69.92786360675262,69.78495221097874,69.77147044424315
63,63.209419630367364,63.3004442427181,63.299920660197415
69,69.03607647243105,69.05683880621542,69.0493805097277
70,70.313055167326,70.22939661967905,70.21196242170305
69,68.9171643748169,68.9493949408169,68.90711347085951
67,67.1430710791597,67.35720830351258,67.3649578967698
66,65.824553778288,65.6712762726215,65.68197276446949
72,71.66440345467808,71.81441654412389,71.83882510432403
68,68.8001463046723,68.76913502354094,68.78738130010306
71,70.88563073154018,70.92800630111492,70.91189139841258
64,64.56720772798181,64.52348458343361,64.55886096704256
63,63.716723584693256,63.70306561518912,63.68870785860078
71,71.46993536407788,71.3817394009765,71.3583324073195
65,64.93620296288273,64.85841186651345,64.95367684192486
67,67.23506960045768,67.29873323766238,67.30484062978827
67,67.4396645650064,67.508713297407,67.5672564419128
68,68.06222822498006,68.08374633801216,68.08028447705252
66,66.35965387699657,66.37102915312484,66.33938930203878
71,71.30356069208823,71.29632440361439,71.24700070151087
70,70.10156882477523,70.14752836526122,70.10903741392173
60,60.318831188231485,60.32475672899965,60.33261457641788
67,66.80687171070124,66.83457877149793,66.84618169590459
66,66.87666806174738,66.72927065667311,66.7420357658642
67,67.45129571696606,67.43088133851582,67.41591102636275
68,67.7204024808526,67.7404819105263,67.73047081548492
63,62.666753840098345,62.71639279352721,62.71036186005574
68,68.01328285912257,68.122521170553,68.11467350925132
64,64.72019987669479,64.66952379017877,64.74181346607202
68,68.07542567522057,68.0283968678263,68.03212492583197
70,70.22507940633682,70.11226948615789,70.13828125756774
77,76.6430744603112,76.65033318910756,76.64508495895163
70,70.40778375316783,70.44417296233198,70.4036005989644
66,65.51349549104367,65.57809700410456,65.54233107239601
70,69.7732905321651,69.75057935996584,69.74357138576849
63,63.09908451700325,63.052813582458825,63.03596911496817
69,69.32668989581234,69.40616057045352,69.36869960531473
63,63.81911473179853,63.753407048766945,63.72019888798876
68,68.0205691077528,68.10544602218474,68.09326125135888
68,68.48552864907052,68.55884312487791,68.53627216245738
71,71.35702757220355,71.42182905021343,71.39881654893736
62,62.60213502826291,62.50832162212606,62.47967739347506
64,63.8724688980744,63.9300819115566,63.96026888766817
67,66.72688372903355,66.67081090124552,66.66561821071119
71,71.13117660518725,71.04003274954471,71.03463135535544
67,66.78519622477474,66.7921898416808,66.80394327065494
80,65.00367678293398,65.0613592594368,65.00307417950702
71,71.03993026303152,70.99061757642549,70.96726990877305
68,68.40565764125256,68.43914506285999,68.38096059415838
70,70.26208231968234,70.3413462920912,70.29457869954629
65,64.90425148614113,64.90844844171437,64.96318346669598
63,62.88052843302816,62.84366701972958,62.861334936768316
63,63.25631368253437,63.224303438312205,63.28277142847722
66,66.54369312035453,66.58676640341503,66.56727838490883
69,68.8105485310097,68.79853383592996,68.79554969294999
66,66.93135645796538,66.81719521373867,66.82405261800996
72,72.05714363030287,72.10784898572822,72.05810279144632
65,64.61131028369847,64.5608654750087,64.53441945363537
69,68.71697243419547,68.75298020096251,68.76750600413622
70,70.10440157114135,70.09455688432166,70.0676317106526
66,66.04512969952239,66.10074790297602,66.10288234166092
67,66.73738015537454,66.73822314692595,66.74142157148063
65,64.76604114093183,64.77380031147823,64.77267454129712
67,66.75771903289393,66.83413947461707,66.79515432458547
60,60.508119299591925,60.68680244417369,60.75580466392725
69,68.64355700939073,68.61801592489732,68.58215398051169
65,65.72913975359793,65.69179850511871,65.7002891179424
69,68.85561228883017,68.77928015203015,68.83669128132112
67,66.62557249876151,66.65013423317376,66.65735085522473
72,71.88472479259123,71.87731934044986,71.86235282809861
74,74.57169901548363,74.55956107776235,74.52522945921375
71,70.86255591698367,70.79676205574283,70.74127516524949
68,68.27398632897976,68.26314172454661,68.25988416236227
71,71.24757299644502,71.30597903390678,71.2830674355219
67,66.66957463892432,66.60108523954582,66.58766875126902
67,67.95616908255695,67.98903600292324,67.95417974671092
72,72.31668638119393,72.2704654392626,72.20913664832327
65,65.81286931436767,65.69274119982639,65.68365894607297
67,66.90112367043128,66.91023119461397,66.89732416746298
69,68.79374866010512,68.84361976662811,68.84828903333144
66,66.35558323141348,66.4097443890906,66.41677289375326
69,68.59699906795564,68.60898320936619,68.61775741907613
71,71.05303267319287,71.04584132762221,71.04499327527363
67,66.6177771754048,66.55265859921573,66.50465716443759
67,67.50493585131969,67.43006803398728,67.44329605891691
68,68.21002732485155,68.14899543097019,68.12956981986923
62,61.651888114987315,61.6803413451765,61.68418935233806
65,65.19486347065867,65.0757738216523,65.08500141612295
72,71.76305721425993,71.7071728395036,71.69101571975783
69,69.00298184672067,69.11866340942288,69.0991337485492
70,70.02541662615849,70.15761090930455,70.14620179404837
61,61.38866961788041,61.39514587714383,61.4337130636559
69,68.85759508163507,68.86399406863895,68.83850743596969
63,63.8947286106234,63.979630836375094,64.003247637024
68,68.56031251397496,68.56095575060498,68.55895943309979
72,72.35175132905374,72.32355625184906,72.3182708626166
64,63.87173283201069,63.786947875558376,63.837510821971264
68,68.66899834143197,68.64366447258455,68.59727367377164
61,61.42618860773061,61.45254196431797,61.46892269527395
67,67.20327170468474,67.11904226355782,67.08636374410764
68,67.66105758185492,67.6992344976775,67.6705273961128
71,71.49118667702513,71.52998751058288,71.52737566359013
65,65.22268825341541,65.14013088280599,65.11129505761596
74,74.055714090956,74.16269851091012,74.11677777785427
68,68.40744370453378,68.34180016121857,68.33466854634025
64,64.44529533438974,64.50091164836786,64.48096571261028
64,63.89379715892905,63.93646925084052,63.94455600664625
76,76.19039636922344,76.28802954407061,76.26511239430312
65,65.2274881428308,65.18668257613623,65.1792478790568
67,67.33547656936693,67.27395906295042,67.29458282332702
64,64.15014059973355,64.11696702445862,64.12684559465364
66,65.96702944647073,65.94090049536416,65.9538631774158
68,68.1435111939298,68.16041864067311,68.15166102829097
69,69.30938180752163,69.25159690643365,69.25709753980581
67,67.1674092538199,67.1357258907129,67.1305189601489
61,61.41023740535209,61.57714739232237,61.62979009868955
68,68.26692456787734,68.33321734018986,68.28235487332068
65,65.08600402011089,65.05541055835445,65.07731149744114
72,72.27260429845882,72.34859046155617,72.38149846805308
69,69.10279353605748,69.1490759729391,69.13727080739476
70,69.8939394913332,69.93902428434154,69.90702626830976
65,65.60662044671732,65.61073365118033,65.60518020767812
62,62.21738631764085,62.2825873601852,62.27980244115041
68,67.79294882857182,67.79001044063463,67.80867552706798
70,69.44200529981498,69.49753930876446,69.47551362550729
64,63.91364823520274,63.89090977974874,63.85564908252917
63,62.96630427730085,62.91354425021257,62.92600074403677
72,72.46632066502397,72.36228957838716,72.32259581630458
68,67.92553957761451,67.94958609625095,67.96753328969122
66,66.53608398782232,66.48786624186704,66.50580544966377
72,72.60649997160765,72.50613423206241,72.46270018546456
63,62.64055195946204,62.709389295880165,62.71415020863794
70,70.35804290890758,70.39333297321758,70.37123302708457
67,67.79674012012688,67.74601256088155,67.78538785758022
66,65.96268876442477,65.9521230196562,65.92575437845983
71,70.86494845239605,70.80814384560956,70.77746402065671
70,69.78407411537934,69.79316703410218,69.77904269487456
71,71.00985185594868,71.02799369864461,71.00765715297976
73,73.3568679649254,73.29499883639066,73.29686033485468
64,64.0370811719374,64.03981102767389,64.0445251722352
68,68.56113530801053,68.63921841354019,68.61477414652113
65,65.35696721483362,65.30360333743435,65.30199058700585
70,70.26563514764308,70.16572677157097,70.10073602668469
66,66.49366280708591,66.46974566590625,66.49524623449022
64,64.03946349307923,64.00067731354761,64.0072168300732
64,64.19093197631673,64.1715028238371,64.17641347631783
66,66.38831148702157,66.4104346821754,66.44453235736131
71,70.8857888314939,70.91742848251988,70.93668767956464
66,66.79902875998373,66.73151079047071,66.74367609375946
63,63.02227233227488,63.223110235424514,63.26576355937681
66,66.28722528570674,66.26165686519622,66.26063681196904
67,67.29687551894199,67.31178479164369,67.32416739550018
68,68.13402813512424,68.09902246581615,68.04906742129515
63,62.98740528550376,62.92005172084505,62.94878996979254
66,66.40311841341924,66.41276880887168,66.38029816549248
71,70.47373610433301,70.44429166323187,70.46850763671877
63,63.09098261134089,63.25120306516429,63.29706235186657
71,70.85807893013029,70.77252652588803,70.7639836737801
69,69.30662096661467,69.32126302646202,69.28766887062518
66,66.09486232129566,66.14123962350658,66.07374391680167
69,69.28799959918575,69.31464064489784,69.27371062877762
72,71.9358218231033,71.98213073867538,71.95886827203624
60,60.35972454270916,60.30805429945803,60.32026019490681
72,71.82075836179206,71.80648341860451,71.81927957976913
68,68.1015327980693,68.26548894966787,68.27445014643509
68,68.13979352374385,68.18317248614723,68.16467615408106
70,70.43025182635971,70.39386938713194,70.37047647373241
64,64.1788917270729,64.18931513307177,64.17705339099416
63,62.88290464249357,62.8200810880568,62.8040766978837
69,68.48801899395713,68.44365385193679,68.45175682453072
73,73.29752647248316,73.22412310349777,73.1939924873729
73,73.22945559499131,73.1363928918036,73.11509674162421
65,64.74425844921137,64.94598062754653,64.94893576469495
64,64.20179727543803,64.20837175240959,64.23329660606313
68,67.70942047230558,67.76224114120674,67.75344331115313
71,70.62939831544351,70.62009104993341,70.62510339180146
71,71.53478553929155,71.3952458142926,71.40199867956207
66,66.35763055731492,66.30151838623132,66.288623046261
72,71.69459889939422,71.68204974128935,71.66233830789727
70,70.16436471887731,70.15121949259608,70.13966158350124
66,66.33921263025758,66.29572975352227,66.28125595803735
67,67.68010265733369,67.7077782910995,67.72140991436098
66,66.52940733077378,66.58495792439325,66.59452316485064
65,64.92472959657752,64.90138561255085,64.91125302070564
72,72.09363444252064,72.11921075573618,72.09145487016553
63,63.5588539118769,63.44034472297933,63.46273531883013
64,64.84410384399594,64.77801122339099,64.7358729827818
65,65.60302934473933,65.5863612135551,65.60503911429521
68,68.17154241025509,68.17823314078112,68.12778685358164
70,70.57357753348022,70.49474974112434,70.5404975180652
66,66.124200136258,66.21112025967587,66.16047520976626
68,68.03056163066572,67.91321952930454,67.93577878412755
67,67.11815380899435,67.11378553321077,67.11648246361267
68,68.0480516311533,68.0503329449661,68.03881975665259
67,67.47206023491505,67.69968932978743,67.73365107251247
72,71.78216038656257,71.88371726643477,71.92742943357541
71,71.34986645327774,71.28854831314108,71.27789872874352
66,66.28854740564665,66.26055753199276,66.26108882720963
65,65.45845691830999,65.40546534227248,65.39845492350571
66,65.56178703597541,65.55280857280323,65.6017375684633
65,65.62118610566131,65.60783403947788,65.6022846900698
66,65.89470406216014,65.88726065622119,65.89914602207136
69,69.11348088501089,69.13129083396824,69.11434894315127
70,70.39660333558218,70.28572821830814,70.26616684482455
61,61.32486739779495,61.32326021834473,61.296595579887736
72,71.40740014593851,71.393994715764,71.3704280873464
68,68.43602222663793,68.33973861581245,68.36219563379592
66,66.07254867087677,66.03798000592435,66.05309025828484
66,66.12989130198088,66.24669797604989,66.24762169558227
64,64.03828539059991,63.98878100672009,63.963328034772104
69,69.0981256905456,69.06718026276366,69.03772315191318
70,69.95262786255499,69.83627769150172,69.84599784744918
68,68.2814711578016,68.27702652332619,68.22902158813795
64,64.20824138297934,64.19536346571019,64.17281651309094
62,62.614621930988086,62.605134532109915,62.606058288421025
58,58.01884587723302,58.035295336540074,58.07835528806342
70,70.26638717702086,70.3075904462992,70.31362496566162
70,70.31948705319954,70.32312104987398,70.27606413167173
67,67.38156871357162,67.38726068060562,67.40563123689549
68,67.90480936814893,67.92024846319839,67.90484958987626
67,67.180440818019,67.15804948068086,67.15130900053421
66,66.6109837594473,66.62752181788971,66.58807931018444
65,64.75141638411668,64.71622548114976,64.74241535529528
70,70.43949398285179,70.48759372481717,70.50007419080946
62,62.066840868899504,62.11221983428076,62.10996654163497
66,66.01204608324778,66.04853007683143,66.02033349171305
87,60.1008486567985,60.08685835186475,60.07672135553066
69,68.89098659988825,68.84378687777553,68.86091834801078
62,61.63626544319948,61.64409929914753,61.695779736224225
71,71.45203361943678,71.49631487668842,71.4741095162733
74,74.14098907348045,74.1588414898607,74.14071084421711
65,64.93973555271147,64.93599049381835,64.93491693031547
71,70.6187842975157,70.65778962037605,70.61105995170337
65,65.37448305214437,65.25856482773057,65.25825870739624
68,67.79030007895037,67.8231141330574,67.76373396871134
68,68.52858785578326,68.49534106679891,68.46174962382739
64,64.50067136304165,64.4391580687464,64.4431058297978
68,67.86804075456726,67.92916775982368,67.89536634799049
71,71.11801716219661,71.16443844637328,71.17082723381915
65,64.68879929453479,64.78928943464636,64.79114078697617
64,63.759524502461716,63.67180747386253,63.70882046955382
72,72.00164226646356,72.0310916283771,72.06432377864911
59,58.89632019135095,59.07644567178647,59.14471057634513
64,64.72292867362628,64.68993712950433,64.71766706941526
64,64.27462833961549,64.23029210222846,64.25416309703371
93,67.72142279475588,67.60657893041584,67.63175431484922
67,66.89645922001563,66.90443683594349,66.89951091343579
70,70.1629593429643,70.17315076313605,70.1469708327516
67,67.04193424297009,67.09418762515803,67.09229697353331
67,67.82786350189055,67.79064849377038,67.80726124069135
68,68.03399837058495,68.04882864837982,68.04693496497597
72,72.27859170014997,72.35208471989786,72.3350438426335
70,70.30910332032995,70.25043268911216,70.2843957938611
63,62.38386753526139,62.470861585330695,62.47724688695641
73,72.79494253527321,72.80615100695805,72.79599508690242
74,74.19265168000689,74.1665125279047,74.15147114239137
66,65.90348839561949,65.99596533540243,65.98727672524834
63,62.60727829533984,62.61555541360812,62.66491693767846
63,63.53779528776431,63.58226721971009,63.559161656756416
61,61.658322323390266,61.78508300592186,61.84725037486717
67,66.70843370947593,66.77271409098505,66.78092487826677
65,65.0078615905835,65.0089487279744,64.98890330935376
63,62.44206883172805,62.424561186492895,62.44905908181854
68,68.21641049701464,68.1742228053917,68.17567288157636
62,61.7150785921949,61.730107025718425,61.72796677190247
68,68.33241353076377,68.53915396952004,68.50087118504406
64,64.10327529381325,64.08064998835431,64.0742778999133
66,65.61204204661554,65.61904556357723,65.63365886306087
65,64.84240135263897,64.86451717850808,64.86504389994394
62,62.49195767985237,62.59057886440786,62.655948337712616
66,65.96367847213831,65.91986890265835,65.90957834809959
66,66.15007170719787,66.19526993853486,66.16892478579257
64,64.15065066282487,64.32680747200338,64.34134733079563
67,66.90152278086498,66.81363655902861,66.80093398082045
66,65.91153750762824,65.9464979043981,65.99341404374431
72,72.62002143967374,72.60562065278458,72.57546580206912
65,64.94403001234323,64.94756879447283,64.88935741447557
66,66.23718492934047,66.24867326919843,66.24248029002791
72,71.46459583691434,71.54047603088833,71.56812924451042
66,66.52652097411178,66.51319968774543,66.52792012674703
74,74.34148470708956,74.37515471288435,74.3774362024063
68,68.26765458682073,68.29471163696549,68.29978487472602
69,68.7499407761396,68.89690984576657,68.94216635638351
68,68.26747549238908,68.27269521930879,68.27600443221422
70,69.77937648353506,69.72635150131494,69.76986520370129
69,68.61396908284291,68.63068056509013,68.67571347599943
73,73.07550926741703,73.12728170129989,73.06889650172926
66,65.93434650526525,65.99808247315937,65.9731784344132
69,69.2647767531,69.28510549227735,69.26444150614483
68,68.22705668339589,68.22053033898824,68.31097898043835
64,63.778155878977074,63.75248163687543,63.76899957762615
63,63.27274801196629,63.312326776577066,63.33370581972923
65,64.97534169533925,65.0336838765512,65.01152785139945
73,73.61803233294296,73.60762283222104,73.5576640801738
67,66.80961585741821,66.80393660782335,66.79799033681341
70,70.4976346571805,70.44028615049558,70.45033487819742
66,66.45980182288548,66.39527869931324,66.42629838239638
66,65.7829881255338,65.83830727995517,65.81756982834588
64,63.900219507910776,63.92388481813646,63.941485692316476
70,70.31045073199297,70.39775484928911,70.36798195004116
70,70.018667479639,70.04497573227907,70.04543951642495
68,68.41292422156593,68.55275536537228,68.58051230042204
68,67.52693885769108,67.59213664857222,67.60038826826342
70,70.54158379849953,70.47858301779212,70.42926823398429
71,70.52296195291103,70.66072666568175,70.64930668493149
64,63.63229993904379,63.546959106952784,63.54601193957396
71,71.39312459704013,71.40748183507866,71.39014963046985
67,67.22793245008708,67.31181321996927,67.35610294374635
69,68.74972292244541,68.80160447714057,68.81456332641145
66,66.39723025860691,66.3350737711921,66.29907427088027
64,64.57610275967491,64.66095515522245,64.73676462456393
62,62.34436743793562,62.35995452593069,62.3836891260825
67,67.45791511303302,67.5617834139798,67.59693542369602
65,64.91785419638155,64.92218280318293,64.9129348241224
62,62.24627760562993,62.35023449963376,62.33952544563432
72,71.93892612757861,71.87138510629735,71.82278908748502
72,71.78314490190351,71.8480112442544,71.873467294428
66,66.1767952985818,66.2871085793299,66.3028372403844
65,65.49601041743936,65.57225980147703,65.5603937989952
70,69.986741230744,69.98488379442904,69.9571667665236
68,68.0038604707758,68.08853859976814,68.10726526929979
72,72.37750320210243,72.29870478371569,72.25553408163184
63,63.081991497940315,63.064445211257144,63.08966349926348
69,68.41433385554515,68.39905170223741,68.35861147772428
70,70.65965033276741,70.52157010947346,70.58149233198688
65,65.34909341866376,65.44997874109282,65.48049753709803
72,72.00173644934947,71.97826755505685,71.96383753537455
64,64.40366296995644,64.44973820023165,64.43358220700833
67,67.15675064921413,67.18877675382552,67.21880934722167
70,70.45455680819128,70.41749616872889,70.44739445882558
71,70.77964335069638,70.77089962734486,70.76427283864899
69,68.43604685419994,68.45697131271038,68.45650372780744
67,67.18219664232609,67.16691518285575,67.1683601345701
67,66.85486911370882,66.81258844454787,66.83797490387347
70,70.15613648980286,70.19153019307176,70.15563296603116
67,66.88889765699379,66.96359111874504,66.98211213520858
65,65.11052328013898,65.08224993298869,65.06109692211551
62,62.14721564807594,62.11148730784093,62.08461702485135
73,73.05345941987758,72.97004731096314,72.91411372818908
63,63.223237638439606,63.252595285636644,63.254452504847634
72,71.96051061198285,72.1446779460124,72.16640301161182
64,64.0528429295742,64.13022871003726,64.15285383761841
67,67.84172730198917,67.79115788557277,67.81012023183182
67,67.21956662638941,67.19798971170523,67.25062120443312
63,63.76230208207957,63.7534178996395,63.7525775351061
66,65.66398909614978,65.82442528436148,65.86119275138893
63,63.14288561109849,63.00464365322417,63.0856443417095
68,67.91507966377709,67.93648347316032,67.89161916871537
69,69.182721192821,69.12917264145352,69.1359888522486
69,68.64014880865112,68.66272422134375,68.62532965266156
70,70.29296111029868,70.30797232367011,70.29367448644571
67,66.90894922358197,66.8259996359819,66.85756781896448
67,66.74004692772753,66.66706938865599,66.6473551367027
69,69.35712582389692,69.34836445847706,69.32166443092095
71,70.62903223805301,70.62877970701724,70.58316741212043
68,68.48579801757938,68.42801331005201,68.40975025173995
64,63.74095411494847,63.770447111746435,63.7796256163696
65,65.52566785060998,65.48059830225455,65.50189549669321
66,66.19213001533222,66.2020827674404,66.22669441303059
67,67.20149395532232,67.24091710462726,67.25048753572307
70,70.85070684371894,70.79926122462322,70.82889337838111
72,72.26364885040299,72.29360961257511,72.24847132671366
65,65.10569540410877,65.09619285729232,65.08643837309691
70,70.54920004857213,70.5612361076883,70.53228784938047
61,61.27841685808811,61.35399174472582,61.367975641416976
67,66.84619459180925,66.88636859710027,66.85433031698649
67,66.90673711445432,66.7947658644955,66.76617498581643
71,70.81251376747437,70.92354730882028,70.91097428726695
73,73.57062403400452,73.46930823595778,73.47893266539126
61,61.548395708307645,61.569059029318844,61.58533306117053
66,66.61425805507034,66.53230161373898,66.51154029316628
64,64.32755983159083,64.23423861223483,64.2221575663135
69,68.8371365049976,68.85164217814986,68.85153339360468
68,68.13221111603964,68.22515169100075,68.20204658995709
66,66.2766616761598,66.31781317383931,66.31878039769069
70,69.74683165175394,69.87103002743537,69.8952781687643
70,69.8060768065407,69.82445220773307,69.84747379749703
63,62.77355605047748,62.827339689246095,62.829432766221295
70,70.12102330403329,70.12679478967883,70.08563861468194
66,66.66009341212063,66.70408153400251,66.6567525862715
62,62.07976704061154,62.15282916220083,62.162008180266085
68,68.89143302340895,68.85903079663392,68.811133480647
73,72.80122381507944,72.88960316610371,72.86868240893855
71,71.20426066460264,71.3468824859099,71.36990603865723
69,69.4986820059837,69.50078647003734,69.48423017389527
68,68.68168894775046,68.6572530672647,68.63726963036004
69,68.3853412230811,68.37537606939843,68.31355170485793
65,64.70623734468137,64.64683670505245,64.63213788502719
65,65.46499546221344,65.55262946375808,65.53796611632677
65,65.07776492243484,65.21319945119964,65.2629932054688
63,62.339960277178776,62.3787928226063,62.394217952214476
65,64.9612399297648,64.99605087044122,65.0004614985999
66,66.45864906284768,66.4856677139438,66.50425427433635
65,65.83071920205697,65.86299006832084,65.86019525637509
68,67.98842343046178,67.99875784089431,67.95836287333049
67,67.18214780771049,67.24030958820259,67.19246604614844
71,70.64855253129659,70.64085046976857,70.62310650100419
68,67.73064571894272,67.67436275546189,67.6296444401648
69,69.66088946770772,69.64138449921607,69.68152758052746
69,68.91486283773136,68.90823613873962,68.89535799415185
66,65.8146320584777,65.87815728874516,65.85029866727075
69,69.01853792449003,69.0547687489337,69.0882816318393
64,64.55765227614077,64.58498971052336,64.58840078769492
66,66.4819108392542,66.43268601650385,66.42367992938466
61,61.57680788543527,61.55521171440974,61.55190092562147
71,70.81068223409132,70.88066736796571,70.85429897857226
64,64.32787467636766,64.27478597215449,64.27428252886652
64,63.49164996042629,63.463419899778884,63.4889837992883
71,70.83454637615895,70.95308068737074,70.94936098078173
68,68.67702844552622,68.67355128259817,68.68504915408545
61,61.02680282257119,60.95010418639113,60.95880132908599
68,68.39365099225168,68.34018106745475,68.35581819417827
63,63.76631294625004,63.931722554024155,63.97455573805071
65,65.12275364118906,65.19478653596701,65.20006711924322
68,67.94834051825389,68.02001472319823,67.99904029907213
65,65.62977223100748,65.61328032395517,65.60989784680936
70,70.34876953599861,70.32639304380933,70.34361287931837
67,67.47708934680203,67.40934595078704,67.3980500323859
69,68.52944696740005,68.63464427818333,68.63212450231342
72,72.39763689034994,72.36711532057689,72.36308085002969
66,65.96424832673914,66.04890191253882,66.02912633643693
63,63.5053028796086,63.41571385856523,63.41951804821095
72,71.89382090655062,71.88036931526534,71.8468736581811
